{
    "section1": {
        "type": "section",
        "description": "Menu"
    },
    "playerControl": {
        "type": "switch",
        "default": true,
        "description": "Control Players",
        "value": true
    },
    "extendedPlayerControl": {
        "type": "switch",
        "default": false,
        "description": "Show Loop and Shuffle controls",
        "dependency": "playerControl",
        "indent": true,
        "value": false
    },
    "_knownPlayers": {
        "type": "generic",
        "default": [
            "banshee",
            "vlc",
            "rhythmbox"
        ],
        "value": [
            "banshee",
            "vlc",
            "rhythmbox"
        ]
    },
    "section2": {
        "type": "section",
        "description": "Panel"
    },
    "showtrack": {
        "type": "switch",
        "default": false,
        "description": "Show song information on the panel",
        "dependency": "playerControl",
        "value": false
    },
    "truncatetext": {
        "type": "spinbutton",
        "default": 30,
        "min": 5,
        "max": 512,
        "units": "characters",
        "step": 1,
        "description": "Limit song information to",
        "dependency": "showtrack",
        "indent": true,
        "value": 30
    },
    "middleClickAction": {
        "type": "combobox",
        "default": "mute",
        "options": {
            "Toggle Mute": "mute",
            "Toggle Play / Pause": "player"
        },
        "description": "Action on middle click",
        "value": "mute"
    },
    "showalbum": {
        "type": "switch",
        "default": false,
        "description": "Show album art as icon",
        "dependency": "playerControl",
        "value": false
    },
    "hideSystray": {
        "type": "switch",
        "description": "Hide system tray icons for compatible players",
        "default": true,
        "value": true
    },
    "__md5__": "5ded76da252c95dec6318f480a942bc2"
}